Species,Nb,Loci Count,Individual Count,P Value,Cycles,Decline,Power Value,Power Percent
bullT,100,100,100,0.05,10,0,935,0.935
bullT,100,100,100,0.15,10,0,807,0.807
bullT,100,100,100,0.1,10,0,879,0.879
bullT,100,100,100,0.05,5,0,936,0.936
bullT,100,100,100,0.15,5,0,827,0.827
bullT,100,100,100,0.1,5,0,887,0.887
bullT,100,100,100,0.05,7,0,939,0.939
bullT,100,100,100,0.15,7,0,833,0.833
bullT,100,100,100,0.1,7,0,884,0.884
bullT,100,100,25,0.05,10,0,966,0.966
bullT,100,100,25,0.15,10,0,828,0.828
bullT,100,100,25,0.1,10,0,915,0.915
bullT,100,100,25,0.05,5,0,968,0.968
bullT,100,100,25,0.15,5,0,877,0.877
bullT,100,100,25,0.1,5,0,923,0.923
bullT,100,100,25,0.05,7,0,970,0.97
bullT,100,100,25,0.15,7,0,833,0.833
bullT,100,100,25,0.1,7,0,904,0.904
bullT,100,100,50,0.05,10,0,951,0.951
bullT,100,100,50,0.15,10,0,849,0.849
bullT,100,100,50,0.1,10,0,900,0.9
bullT,100,100,50,0.05,5,0,957,0.957
bullT,100,100,50,0.15,5,0,847,0.847
bullT,100,100,50,0.1,5,0,894,0.894
bullT,100,100,50,0.05,7,0,949,0.949
bullT,100,100,50,0.15,7,0,846,0.846
bullT,100,100,50,0.1,7,0,902,0.902
bullT,100,100,100,0.05,10,10,996,0.996
bullT,100,100,100,0.15,10,10,1000,1.0
bullT,100,100,100,0.1,10,10,1000,1.0
bullT,100,100,100,0.05,5,10,229,0.229
bullT,100,100,100,0.15,5,10,498,0.498
bullT,100,100,100,0.1,5,10,400,0.4
bullT,100,100,100,0.05,7,10,683,0.683
bullT,100,100,100,0.15,7,10,887,0.887
bullT,100,100,100,0.1,7,10,819,0.819
bullT,100,100,25,0.05,10,10,245,0.245
bullT,100,100,25,0.15,10,10,487,0.487
bullT,100,100,25,0.1,10,10,393,0.393
bullT,100,100,25,0.05,5,10,49,0.049
bullT,100,100,25,0.15,5,10,134,0.134
bullT,100,100,25,0.1,5,10,91,0.091
bullT,100,100,25,0.05,7,10,83,0.083
bullT,100,100,25,0.15,7,10,228,0.228
bullT,100,100,25,0.1,7,10,148,0.148
bullT,100,100,50,0.05,10,10,803,0.803
bullT,100,100,50,0.15,10,10,958,0.958
bullT,100,100,50,0.1,10,10,917,0.917
bullT,100,100,50,0.05,5,10,105,0.105
bullT,100,100,50,0.15,5,10,282,0.282
bullT,100,100,50,0.1,5,10,203,0.203
bullT,100,100,50,0.05,7,10,302,0.302
bullT,100,100,50,0.15,7,10,575,0.575
bullT,100,100,50,0.1,7,10,459,0.459
bullT,100,100,100,0.05,10,15,1000,1.0
bullT,100,100,100,0.15,10,15,1000,1.0
bullT,100,100,100,0.1,10,15,1000,1.0
bullT,100,100,100,0.05,5,15,483,0.483
bullT,100,100,100,0.15,5,15,786,0.786
bullT,100,100,100,0.1,5,15,680,0.68
bullT,100,100,100,0.05,7,15,959,0.959
bullT,100,100,100,0.15,7,15,998,0.998
bullT,100,100,100,0.1,7,15,988,0.988
bullT,100,100,25,0.05,10,15,601,0.601
bullT,100,100,25,0.15,10,15,815,0.815
bullT,100,100,25,0.1,10,15,758,0.758
bullT,100,100,25,0.05,5,15,74,0.074
bullT,100,100,25,0.15,5,15,212,0.212
bullT,100,100,25,0.1,5,15,149,0.149
bullT,100,100,25,0.05,7,15,205,0.205
bullT,100,100,25,0.15,7,15,468,0.468
bullT,100,100,25,0.1,7,15,360,0.36
bullT,100,100,50,0.05,10,15,988,0.988
bullT,100,100,50,0.15,10,15,1000,1.0
bullT,100,100,50,0.1,10,15,999,0.999
bullT,100,100,50,0.05,5,15,201,0.201
bullT,100,100,50,0.15,5,15,452,0.452
bullT,100,100,50,0.1,5,15,340,0.34
bullT,100,100,50,0.05,7,15,607,0.607
bullT,100,100,50,0.15,7,15,872,0.872
bullT,100,100,50,0.1,7,15,792,0.792
bullT,100,100,100,0.05,10,5,607,0.607
bullT,100,100,100,0.15,10,5,813,0.813
bullT,100,100,100,0.1,10,5,738,0.738
bullT,100,100,100,0.05,5,5,92,0.092
bullT,100,100,100,0.15,5,5,247,0.247
bullT,100,100,100,0.1,5,5,177,0.177
bullT,100,100,100,0.05,7,5,237,0.237
bullT,100,100,100,0.15,7,5,458,0.458
bullT,100,100,100,0.1,7,5,361,0.361
bullT,100,100,25,0.05,10,5,64,0.064
bullT,100,100,25,0.15,10,5,198,0.198
bullT,100,100,25,0.1,10,5,132,0.132
bullT,100,100,25,0.05,5,5,26,0.026
bullT,100,100,25,0.15,5,5,79,0.079
bullT,100,100,25,0.1,5,5,50,0.05
bullT,100,100,25,0.05,7,5,31,0.031
bullT,100,100,25,0.15,7,5,124,0.124
bullT,100,100,25,0.1,7,5,77,0.077
bullT,100,100,50,0.05,10,5,234,0.234
bullT,100,100,50,0.15,10,5,470,0.47
bullT,100,100,50,0.1,10,5,376,0.376
bullT,100,100,50,0.05,5,5,49,0.049
bullT,100,100,50,0.15,5,5,147,0.147
bullT,100,100,50,0.1,5,5,97,0.097
bullT,100,100,50,0.05,7,5,92,0.092
bullT,100,100,50,0.15,7,5,238,0.238
bullT,100,100,50,0.1,7,5,177,0.177
bullT,100,100,100,0.05,10,7,898,0.898
bullT,100,100,100,0.15,10,7,974,0.974
bullT,100,100,100,0.1,10,7,954,0.954
bullT,100,100,100,0.05,5,7,123,0.123
bullT,100,100,100,0.15,5,7,318,0.318
bullT,100,100,100,0.1,5,7,239,0.239
bullT,100,100,100,0.05,7,7,389,0.389
bullT,100,100,100,0.15,7,7,653,0.653
bullT,100,100,100,0.1,7,7,551,0.551
bullT,100,100,25,0.05,10,7,122,0.122
bullT,100,100,25,0.15,10,7,325,0.325
bullT,100,100,25,0.1,10,7,248,0.248
bullT,100,100,25,0.05,5,7,38,0.038
bullT,100,100,25,0.15,5,7,119,0.119
bullT,100,100,25,0.1,5,7,71,0.071
bullT,100,100,25,0.05,7,7,54,0.054
bullT,100,100,25,0.15,7,7,197,0.197
bullT,100,100,25,0.1,7,7,114,0.114
bullT,100,100,50,0.05,10,7,473,0.473
bullT,100,100,50,0.15,10,7,730,0.73
bullT,100,100,50,0.1,10,7,640,0.64
bullT,100,100,50,0.05,5,7,56,0.056
bullT,100,100,50,0.15,5,7,179,0.179
bullT,100,100,50,0.1,5,7,121,0.121
bullT,100,100,50,0.05,7,7,166,0.166
bullT,100,100,50,0.15,7,7,364,0.364
bullT,100,100,50,0.1,7,7,272,0.272
bullT,100,200,100,0.05,10,0,931,0.931
bullT,100,200,100,0.15,10,0,812,0.812
bullT,100,200,100,0.1,10,0,865,0.865
bullT,100,200,100,0.05,5,0,958,0.958
bullT,100,200,100,0.15,5,0,865,0.865
bullT,100,200,100,0.1,5,0,907,0.907
bullT,100,200,100,0.05,7,0,947,0.947
bullT,100,200,100,0.15,7,0,844,0.844
bullT,100,200,100,0.1,7,0,893,0.893
bullT,100,200,25,0.05,10,0,953,0.953
bullT,100,200,25,0.15,10,0,852,0.852
bullT,100,200,25,0.1,10,0,910,0.91
bullT,100,200,25,0.05,5,0,957,0.957
bullT,100,200,25,0.15,5,0,846,0.846
bullT,100,200,25,0.1,5,0,906,0.906
bullT,100,200,25,0.05,7,0,952,0.952
bullT,100,200,25,0.15,7,0,860,0.86
bullT,100,200,25,0.1,7,0,901,0.901
bullT,100,200,50,0.05,10,0,953,0.953
bullT,100,200,50,0.15,10,0,843,0.843
bullT,100,200,50,0.1,10,0,900,0.9
bullT,100,200,50,0.05,5,0,951,0.951
bullT,100,200,50,0.15,5,0,856,0.856
bullT,100,200,50,0.1,5,0,914,0.914
bullT,100,200,50,0.05,7,0,950,0.95
bullT,100,200,50,0.15,7,0,853,0.853
bullT,100,200,50,0.1,7,0,898,0.898
bullT,100,200,100,0.05,10,10,1000,1.0
bullT,100,200,100,0.15,10,10,1000,1.0
bullT,100,200,100,0.1,10,10,1000,1.0
bullT,100,200,100,0.05,5,10,380,0.38
bullT,100,200,100,0.15,5,10,687,0.687
bullT,100,200,100,0.1,5,10,565,0.565
bullT,100,200,100,0.05,7,10,920,0.92
bullT,100,200,100,0.15,7,10,993,0.993
bullT,100,200,100,0.1,7,10,978,0.978
bullT,100,200,25,0.05,10,10,532,0.532
bullT,100,200,25,0.15,10,10,795,0.795
bullT,100,200,25,0.1,10,10,693,0.693
bullT,100,200,25,0.05,5,10,66,0.066
bullT,100,200,25,0.15,5,10,184,0.184
bullT,100,200,25,0.1,5,10,122,0.122
bullT,100,200,25,0.05,7,10,167,0.167
bullT,100,200,25,0.15,7,10,382,0.382
bullT,100,200,25,0.1,7,10,276,0.276
bullT,100,200,50,0.05,10,10,980,0.98
bullT,100,200,50,0.15,10,10,999,0.999
bullT,100,200,50,0.1,10,10,995,0.995
bullT,100,200,50,0.05,5,10,160,0.16
bullT,100,200,50,0.15,5,10,400,0.4
bullT,100,200,50,0.1,5,10,301,0.301
bullT,100,200,50,0.05,7,10,544,0.544
bullT,100,200,50,0.15,7,10,807,0.807
bullT,100,200,50,0.1,7,10,719,0.719
bullT,100,200,100,0.05,10,15,1000,1.0
bullT,100,200,100,0.15,10,15,1000,1.0
bullT,100,200,100,0.1,10,15,1000,1.0
bullT,100,200,100,0.05,5,15,736,0.736
bullT,100,200,100,0.15,5,15,953,0.953
bullT,100,200,100,0.1,5,15,906,0.906
bullT,100,200,100,0.05,7,15,1000,1.0
bullT,100,200,100,0.15,7,15,1000,1.0
bullT,100,200,100,0.1,7,15,1000,1.0
bullT,100,200,25,0.05,10,15,923,0.923
bullT,100,200,25,0.15,10,15,989,0.989
bullT,100,200,25,0.1,10,15,972,0.972
bullT,100,200,25,0.05,5,15,133,0.133
bullT,100,200,25,0.15,5,15,327,0.327
bullT,100,200,25,0.1,5,15,235,0.235
bullT,100,200,25,0.05,7,15,391,0.391
bullT,100,200,25,0.15,7,15,682,0.682
bullT,100,200,25,0.1,7,15,578,0.578
bullT,100,200,50,0.05,10,15,1000,1.0
bullT,100,200,50,0.15,10,15,1000,1.0
bullT,100,200,50,0.1,10,15,1000,1.0
bullT,100,200,50,0.05,5,15,328,0.328
bullT,100,200,50,0.15,5,15,644,0.644
bullT,100,200,50,0.1,5,15,509,0.509
bullT,100,200,50,0.05,7,15,904,0.904
bullT,100,200,50,0.15,7,15,986,0.986
bullT,100,200,50,0.1,7,15,970,0.97
bullT,100,200,100,0.05,10,5,872,0.872
bullT,100,200,100,0.15,10,5,959,0.959
bullT,100,200,100,0.1,10,5,937,0.937
bullT,100,200,100,0.05,5,5,127,0.127
bullT,100,200,100,0.15,5,5,321,0.321
bullT,100,200,100,0.1,5,5,242,0.242
bullT,100,200,100,0.05,7,5,360,0.36
bullT,100,200,100,0.15,7,5,631,0.631
bullT,100,200,100,0.1,7,5,526,0.526
bullT,100,200,25,0.05,10,5,158,0.158
bullT,100,200,25,0.15,10,5,337,0.337
bullT,100,200,25,0.1,10,5,263,0.263
bullT,100,200,25,0.05,5,5,31,0.031
bullT,100,200,25,0.15,5,5,125,0.125
bullT,100,200,25,0.1,5,5,86,0.086
bullT,100,200,25,0.05,7,5,53,0.053
bullT,100,200,25,0.15,7,5,185,0.185
bullT,100,200,25,0.1,7,5,125,0.125
bullT,100,200,50,0.05,10,5,480,0.48
bullT,100,200,50,0.15,10,5,697,0.697
bullT,100,200,50,0.1,10,5,619,0.619
bullT,100,200,50,0.05,5,5,67,0.067
bullT,100,200,50,0.15,5,5,183,0.183
bullT,100,200,50,0.1,5,5,128,0.128
bullT,100,200,50,0.05,7,5,168,0.168
bullT,100,200,50,0.15,7,5,363,0.363
bullT,100,200,50,0.1,7,5,279,0.279
bullT,100,200,100,0.05,10,7,993,0.993
bullT,100,200,100,0.15,10,7,1000,1.0
bullT,100,200,100,0.1,10,7,999,0.999
bullT,100,200,100,0.05,5,7,224,0.224
bullT,100,200,100,0.15,5,7,466,0.466
bullT,100,200,100,0.1,5,7,359,0.359
bullT,100,200,100,0.05,7,7,619,0.619
bullT,100,200,100,0.15,7,7,852,0.852
bullT,100,200,100,0.1,7,7,771,0.771
bullT,100,200,25,0.05,10,7,257,0.257
bullT,100,200,25,0.15,10,7,521,0.521
bullT,100,200,25,0.1,10,7,410,0.41
bullT,100,200,25,0.05,5,7,31,0.031
bullT,100,200,25,0.15,5,7,140,0.14
bullT,100,200,25,0.1,5,7,87,0.087
bullT,100,200,25,0.05,7,7,97,0.097
bullT,100,200,25,0.15,7,7,274,0.274
bullT,100,200,25,0.1,7,7,190,0.19
bullT,100,200,50,0.05,10,7,789,0.789
bullT,100,200,50,0.15,10,7,924,0.924
bullT,100,200,50,0.1,10,7,881,0.881
bullT,100,200,50,0.05,5,7,112,0.112
bullT,100,200,50,0.15,5,7,276,0.276
bullT,100,200,50,0.1,5,7,204,0.204
bullT,100,200,50,0.05,7,7,273,0.273
bullT,100,200,50,0.15,7,7,538,0.538
bullT,100,200,50,0.1,7,7,417,0.417
bullT,100,400,100,0.05,10,0,939,0.939
bullT,100,400,100,0.15,10,0,820,0.82
bullT,100,400,100,0.1,10,0,882,0.882
bullT,100,400,100,0.05,5,0,945,0.945
bullT,100,400,100,0.15,5,0,836,0.836
bullT,100,400,100,0.1,5,0,887,0.887
bullT,100,400,100,0.05,7,0,956,0.956
bullT,100,400,100,0.15,7,0,846,0.846
bullT,100,400,100,0.1,7,0,902,0.902
bullT,100,400,25,0.05,10,0,966,0.966
bullT,100,400,25,0.15,10,0,861,0.861
bullT,100,400,25,0.1,10,0,909,0.909
bullT,100,400,25,0.05,5,0,956,0.956
bullT,100,400,25,0.15,5,0,863,0.863
bullT,100,400,25,0.1,5,0,908,0.908
bullT,100,400,25,0.05,7,0,954,0.954
bullT,100,400,25,0.15,7,0,854,0.854
bullT,100,400,25,0.1,7,0,913,0.913
bullT,100,400,50,0.05,10,0,940,0.94
bullT,100,400,50,0.15,10,0,848,0.848
bullT,100,400,50,0.1,10,0,892,0.892
bullT,100,400,50,0.05,5,0,952,0.952
bullT,100,400,50,0.15,5,0,855,0.855
bullT,100,400,50,0.1,5,0,910,0.91
bullT,100,400,50,0.05,7,0,937,0.937
bullT,100,400,50,0.15,7,0,840,0.84
bullT,100,400,50,0.1,7,0,885,0.885
bullT,100,400,100,0.05,10,10,1000,1.0
bullT,100,400,100,0.15,10,10,1000,1.0
bullT,100,400,100,0.1,10,10,1000,1.0
bullT,100,400,100,0.05,5,10,492,0.492
bullT,100,400,100,0.15,5,10,802,0.802
bullT,100,400,100,0.1,5,10,698,0.698
bullT,100,400,100,0.05,7,10,975,0.975
bullT,100,400,100,0.15,7,10,997,0.997
bullT,100,400,100,0.1,7,10,995,0.995
bullT,100,400,25,0.05,10,10,748,0.748
bullT,100,400,25,0.15,10,10,931,0.931
bullT,100,400,25,0.1,10,10,863,0.863
bullT,100,400,25,0.05,5,10,83,0.083
bullT,100,400,25,0.15,5,10,245,0.245
bullT,100,400,25,0.1,5,10,170,0.17
bullT,100,400,25,0.05,7,10,248,0.248
bullT,100,400,25,0.15,7,10,498,0.498
bullT,100,400,25,0.1,7,10,406,0.406
bullT,100,400,50,0.05,10,10,997,0.997
bullT,100,400,50,0.15,10,10,1000,1.0
bullT,100,400,50,0.1,10,10,1000,1.0
bullT,100,400,50,0.05,5,10,249,0.249
bullT,100,400,50,0.15,5,10,498,0.498
bullT,100,400,50,0.1,5,10,390,0.39
bullT,100,400,50,0.05,7,10,688,0.688
bullT,100,400,50,0.15,7,10,900,0.9
bullT,100,400,50,0.1,7,10,831,0.831
bullT,100,400,100,0.05,10,15,1000,1.0
bullT,100,400,100,0.15,10,15,1000,1.0
bullT,100,400,100,0.1,10,15,1000,1.0
bullT,100,400,100,0.05,5,15,859,0.859
bullT,100,400,100,0.15,5,15,976,0.976
bullT,100,400,100,0.1,5,15,960,0.96
bullT,100,400,100,0.05,7,15,1000,1.0
bullT,100,400,100,0.15,7,15,1000,1.0
bullT,100,400,100,0.1,7,15,1000,1.0
bullT,100,400,25,0.05,10,15,981,0.981
bullT,100,400,25,0.15,10,15,999,0.999
bullT,100,400,25,0.1,10,15,997,0.997
bullT,100,400,25,0.05,5,15,174,0.174
bullT,100,400,25,0.15,5,15,440,0.44
bullT,100,400,25,0.1,5,15,308,0.308
bullT,100,400,25,0.05,7,15,585,0.585
bullT,100,400,25,0.15,7,15,834,0.834
bullT,100,400,25,0.1,7,15,752,0.752
bullT,100,400,50,0.05,10,15,1000,1.0
bullT,100,400,50,0.15,10,15,1000,1.0
bullT,100,400,50,0.1,10,15,1000,1.0
bullT,100,400,50,0.05,5,15,455,0.455
bullT,100,400,50,0.15,5,15,776,0.776
bullT,100,400,50,0.1,5,15,672,0.672
bullT,100,400,50,0.05,7,15,952,0.952
bullT,100,400,50,0.15,7,15,995,0.995
bullT,100,400,50,0.1,7,15,989,0.989
bullT,100,400,100,0.05,10,5,952,0.952
bullT,100,400,100,0.15,10,5,994,0.994
bullT,100,400,100,0.1,10,5,984,0.984
bullT,100,400,100,0.05,5,5,179,0.179
bullT,100,400,100,0.15,5,5,402,0.402
bullT,100,400,100,0.1,5,5,296,0.296
bullT,100,400,100,0.05,7,5,503,0.503
bullT,100,400,100,0.15,7,5,787,0.787
bullT,100,400,100,0.1,7,5,683,0.683
bullT,100,400,25,0.05,10,5,212,0.212
bullT,100,400,25,0.15,10,5,426,0.426
bullT,100,400,25,0.1,10,5,322,0.322
bullT,100,400,25,0.05,5,5,47,0.047
bullT,100,400,25,0.15,5,5,142,0.142
bullT,100,400,25,0.1,5,5,92,0.092
bullT,100,400,25,0.05,7,5,67,0.067
bullT,100,400,25,0.15,7,5,191,0.191
bullT,100,400,25,0.1,7,5,133,0.133
bullT,100,400,50,0.05,10,5,615,0.615
bullT,100,400,50,0.15,10,5,825,0.825
bullT,100,400,50,0.1,10,5,736,0.736
bullT,100,400,50,0.05,5,5,69,0.069
bullT,100,400,50,0.15,5,5,190,0.19
bullT,100,400,50,0.1,5,5,127,0.127
bullT,100,400,50,0.05,7,5,178,0.178
bullT,100,400,50,0.15,7,5,393,0.393
bullT,100,400,50,0.1,7,5,298,0.298
bullT,100,400,100,0.05,10,7,998,0.998
bullT,100,400,100,0.15,10,7,1000,1.0
bullT,100,400,100,0.1,10,7,1000,1.0
bullT,100,400,100,0.05,5,7,305,0.305
bullT,100,400,100,0.15,5,7,566,0.566
bullT,100,400,100,0.1,5,7,449,0.449
bullT,100,400,100,0.05,7,7,791,0.791
bullT,100,400,100,0.15,7,7,940,0.94
bullT,100,400,100,0.1,7,7,899,0.899
bullT,100,400,25,0.05,10,7,425,0.425
bullT,100,400,25,0.15,10,7,693,0.693
bullT,100,400,25,0.1,10,7,595,0.595
bullT,100,400,25,0.05,5,7,60,0.06
bullT,100,400,25,0.15,5,7,176,0.176
bullT,100,400,25,0.1,5,7,122,0.122
bullT,100,400,25,0.05,7,7,137,0.137
bullT,100,400,25,0.15,7,7,325,0.325
bullT,100,400,25,0.1,7,7,232,0.232
bullT,100,400,50,0.05,10,7,894,0.894
bullT,100,400,50,0.15,10,7,976,0.976
bullT,100,400,50,0.1,10,7,953,0.953
bullT,100,400,50,0.05,5,7,114,0.114
bullT,100,400,50,0.15,5,7,305,0.305
bullT,100,400,50,0.1,5,7,219,0.219
bullT,100,400,50,0.05,7,7,367,0.367
bullT,100,400,50,0.15,7,7,664,0.664
bullT,100,400,50,0.1,7,7,561,0.561
bullT,50,100,100,0.05,10,0,921,0.921
bullT,50,100,100,0.15,10,0,808,0.808
bullT,50,100,100,0.1,10,0,859,0.859
bullT,50,100,100,0.05,5,0,933,0.933
bullT,50,100,100,0.15,5,0,829,0.829
bullT,50,100,100,0.1,5,0,880,0.88
bullT,50,100,100,0.05,7,0,933,0.933
bullT,50,100,100,0.15,7,0,809,0.809
bullT,50,100,100,0.1,7,0,873,0.873
bullT,50,100,25,0.05,10,0,955,0.955
bullT,50,100,25,0.15,10,0,859,0.859
bullT,50,100,25,0.1,10,0,912,0.912
bullT,50,100,25,0.05,5,0,954,0.954
bullT,50,100,25,0.15,5,0,864,0.864
bullT,50,100,25,0.1,5,0,910,0.91
bullT,50,100,25,0.05,7,0,944,0.944
bullT,50,100,25,0.15,7,0,845,0.845
bullT,50,100,25,0.1,7,0,895,0.895
bullT,50,100,50,0.05,10,0,944,0.944
bullT,50,100,50,0.15,10,0,841,0.841
bullT,50,100,50,0.1,10,0,886,0.886
bullT,50,100,50,0.05,5,0,960,0.96
bullT,50,100,50,0.15,5,0,853,0.853
bullT,50,100,50,0.1,5,0,905,0.905
bullT,50,100,50,0.05,7,0,952,0.952
bullT,50,100,50,0.15,7,0,845,0.845
bullT,50,100,50,0.1,7,0,898,0.898
bullT,50,100,100,0.05,10,10,998,0.998
bullT,50,100,100,0.15,10,10,1000,1.0
bullT,50,100,100,0.1,10,10,1000,1.0
bullT,50,100,100,0.05,5,10,344,0.344
bullT,50,100,100,0.15,5,10,631,0.631
bullT,50,100,100,0.1,5,10,509,0.509
bullT,50,100,100,0.05,7,10,836,0.836
bullT,50,100,100,0.15,7,10,962,0.962
bullT,50,100,100,0.1,7,10,936,0.936
bullT,50,100,25,0.05,10,10,544,0.544
bullT,50,100,25,0.15,10,10,791,0.791
bullT,50,100,25,0.1,10,10,705,0.705
bullT,50,100,25,0.05,5,10,66,0.066
bullT,50,100,25,0.15,5,10,209,0.209
bullT,50,100,25,0.1,5,10,143,0.143
bullT,50,100,25,0.05,7,10,186,0.186
bullT,50,100,25,0.15,7,10,397,0.397
bullT,50,100,25,0.1,7,10,317,0.317
bullT,50,100,50,0.05,10,10,956,0.956
bullT,50,100,50,0.15,10,10,997,0.997
bullT,50,100,50,0.1,10,10,990,0.99
bullT,50,100,50,0.05,5,10,159,0.159
bullT,50,100,50,0.15,5,10,402,0.402
bullT,50,100,50,0.1,5,10,296,0.296
bullT,50,100,50,0.05,7,10,480,0.48
bullT,50,100,50,0.15,7,10,750,0.75
bullT,50,100,50,0.1,7,10,652,0.652
bullT,50,100,100,0.05,10,15,1000,1.0
bullT,50,100,100,0.15,10,15,1000,1.0
bullT,50,100,100,0.1,10,15,1000,1.0
bullT,50,100,100,0.05,5,15,620,0.62
bullT,50,100,100,0.15,5,15,891,0.891
bullT,50,100,100,0.1,5,15,797,0.797
bullT,50,100,100,0.05,7,15,992,0.992
bullT,50,100,100,0.15,7,15,1000,1.0
bullT,50,100,100,0.1,7,15,1000,1.0
bullT,50,100,25,0.05,10,15,918,0.918
bullT,50,100,25,0.15,10,15,985,0.985
bullT,50,100,25,0.1,10,15,969,0.969
bullT,50,100,25,0.05,5,15,134,0.134
bullT,50,100,25,0.15,5,15,328,0.328
bullT,50,100,25,0.1,5,15,235,0.235
bullT,50,100,25,0.05,7,15,415,0.415
bullT,50,100,25,0.15,7,15,704,0.704
bullT,50,100,25,0.1,7,15,601,0.601
bullT,50,100,50,0.05,10,15,998,0.998
bullT,50,100,50,0.15,10,15,1000,1.0
bullT,50,100,50,0.1,10,15,1000,1.0
bullT,50,100,50,0.05,5,15,344,0.344
bullT,50,100,50,0.15,5,15,656,0.656
bullT,50,100,50,0.1,5,15,533,0.533
bullT,50,100,50,0.05,7,15,858,0.858
bullT,50,100,50,0.15,7,15,970,0.97
bullT,50,100,50,0.1,7,15,948,0.948
bullT,50,100,100,0.05,10,5,767,0.767
bullT,50,100,100,0.15,10,5,906,0.906
bullT,50,100,100,0.1,10,5,869,0.869
bullT,50,100,100,0.05,5,5,127,0.127
bullT,50,100,100,0.15,5,5,299,0.299
bullT,50,100,100,0.1,5,5,227,0.227
bullT,50,100,100,0.05,7,5,333,0.333
bullT,50,100,100,0.15,7,5,541,0.541
bullT,50,100,100,0.1,7,5,460,0.46
bullT,50,100,25,0.05,10,5,154,0.154
bullT,50,100,25,0.15,10,5,355,0.355
bullT,50,100,25,0.1,10,5,263,0.263
bullT,50,100,25,0.05,5,5,35,0.035
bullT,50,100,25,0.15,5,5,122,0.122
bullT,50,100,25,0.1,5,5,71,0.071
bullT,50,100,25,0.05,7,5,62,0.062
bullT,50,100,25,0.15,7,5,191,0.191
bullT,50,100,25,0.1,7,5,127,0.127
bullT,50,100,50,0.05,10,5,436,0.436
bullT,50,100,50,0.15,10,5,672,0.672
bullT,50,100,50,0.1,10,5,590,0.59
bullT,50,100,50,0.05,5,5,72,0.072
bullT,50,100,50,0.15,5,5,188,0.188
bullT,50,100,50,0.1,5,5,140,0.14
bullT,50,100,50,0.05,7,5,162,0.162
bullT,50,100,50,0.15,7,5,330,0.33
bullT,50,100,50,0.1,7,5,248,0.248
bullT,50,100,100,0.05,10,7,952,0.952
bullT,50,100,100,0.15,10,7,986,0.986
bullT,50,100,100,0.1,10,7,977,0.977
bullT,50,100,100,0.05,5,7,190,0.19
bullT,50,100,100,0.15,5,7,442,0.442
bullT,50,100,100,0.1,5,7,343,0.343
bullT,50,100,100,0.05,7,7,550,0.55
bullT,50,100,100,0.15,7,7,782,0.782
bullT,50,100,100,0.1,7,7,701,0.701
bullT,50,100,25,0.05,10,7,275,0.275
bullT,50,100,25,0.15,10,7,510,0.51
bullT,50,100,25,0.1,10,7,407,0.407
bullT,50,100,25,0.05,5,7,48,0.048
bullT,50,100,25,0.15,5,7,143,0.143
bullT,50,100,25,0.1,5,7,102,0.102
bullT,50,100,25,0.05,7,7,94,0.094
bullT,50,100,25,0.15,7,7,263,0.263
bullT,50,100,25,0.1,7,7,181,0.181
bullT,50,100,50,0.05,10,7,730,0.73
bullT,50,100,50,0.15,10,7,898,0.898
bullT,50,100,50,0.1,10,7,842,0.842
bullT,50,100,50,0.05,5,7,97,0.097
bullT,50,100,50,0.15,5,7,256,0.256
bullT,50,100,50,0.1,5,7,182,0.182
bullT,50,100,50,0.05,7,7,279,0.279
bullT,50,100,50,0.15,7,7,516,0.516
bullT,50,100,50,0.1,7,7,426,0.426
bullT,50,200,100,0.05,10,0,903,0.903
bullT,50,200,100,0.15,10,0,753,0.753
bullT,50,200,100,0.1,10,0,818,0.818
bullT,50,200,100,0.05,5,0,935,0.935
bullT,50,200,100,0.15,5,0,822,0.822
bullT,50,200,100,0.1,5,0,880,0.88
bullT,50,200,100,0.05,7,0,920,0.92
bullT,50,200,100,0.15,7,0,797,0.797
bullT,50,200,100,0.1,7,0,857,0.857
bullT,50,200,25,0.05,10,0,941,0.941
bullT,50,200,25,0.15,10,0,846,0.846
bullT,50,200,25,0.1,10,0,889,0.889
bullT,50,200,25,0.05,5,0,943,0.943
bullT,50,200,25,0.15,5,0,836,0.836
bullT,50,200,25,0.1,5,0,903,0.903
bullT,50,200,25,0.05,7,0,942,0.942
bullT,50,200,25,0.15,7,0,825,0.825
bullT,50,200,25,0.1,7,0,893,0.893
bullT,50,200,50,0.05,10,0,939,0.939
bullT,50,200,50,0.15,10,0,834,0.834
bullT,50,200,50,0.1,10,0,888,0.888
bullT,50,200,50,0.05,5,0,939,0.939
bullT,50,200,50,0.15,5,0,841,0.841
bullT,50,200,50,0.1,5,0,892,0.892
bullT,50,200,50,0.05,7,0,934,0.934
bullT,50,200,50,0.15,7,0,833,0.833
bullT,50,200,50,0.1,7,0,877,0.877
bullT,50,200,100,0.05,10,10,1000,1.0
bullT,50,200,100,0.15,10,10,1000,1.0
bullT,50,200,100,0.1,10,10,1000,1.0
bullT,50,200,100,0.05,5,10,548,0.548
bullT,50,200,100,0.15,5,10,826,0.826
bullT,50,200,100,0.1,5,10,740,0.74
bullT,50,200,100,0.05,7,10,967,0.967
bullT,50,200,100,0.15,7,10,996,0.996
bullT,50,200,100,0.1,7,10,991,0.991
bullT,50,200,25,0.05,10,10,809,0.809
bullT,50,200,25,0.15,10,10,948,0.948
bullT,50,200,25,0.1,10,10,909,0.909
bullT,50,200,25,0.05,5,10,109,0.109
bullT,50,200,25,0.15,5,10,282,0.282
bullT,50,200,25,0.1,5,10,196,0.196
bullT,50,200,25,0.05,7,10,316,0.316
bullT,50,200,25,0.15,7,10,577,0.577
bullT,50,200,25,0.1,7,10,467,0.467
bullT,50,200,50,0.05,10,10,998,0.998
bullT,50,200,50,0.15,10,10,1000,1.0
bullT,50,200,50,0.1,10,10,1000,1.0
bullT,50,200,50,0.05,5,10,252,0.252
bullT,50,200,50,0.15,5,10,522,0.522
bullT,50,200,50,0.1,5,10,423,0.423
bullT,50,200,50,0.05,7,10,719,0.719
bullT,50,200,50,0.15,7,10,911,0.911
bullT,50,200,50,0.1,7,10,865,0.865
bullT,50,200,100,0.05,10,15,1000,1.0
bullT,50,200,100,0.15,10,15,1000,1.0
bullT,50,200,100,0.1,10,15,1000,1.0
bullT,50,200,100,0.05,5,15,817,0.817
bullT,50,200,100,0.15,5,15,977,0.977
bullT,50,200,100,0.1,5,15,941,0.941
bullT,50,200,100,0.05,7,15,1000,1.0
bullT,50,200,100,0.15,7,15,1000,1.0
bullT,50,200,100,0.1,7,15,1000,1.0
bullT,50,200,25,0.05,10,15,996,0.996
bullT,50,200,25,0.15,10,15,1000,1.0
bullT,50,200,25,0.1,10,15,1000,1.0
bullT,50,200,25,0.05,5,15,202,0.202
bullT,50,200,25,0.15,5,15,494,0.494
bullT,50,200,25,0.1,5,15,378,0.378
bullT,50,200,25,0.05,7,15,668,0.668
bullT,50,200,25,0.15,7,15,888,0.888
bullT,50,200,25,0.1,7,15,816,0.816
bullT,50,200,50,0.05,10,15,1000,1.0
bullT,50,200,50,0.15,10,15,1000,1.0
bullT,50,200,50,0.1,10,15,1000,1.0
bullT,50,200,50,0.05,5,15,511,0.511
bullT,50,200,50,0.15,5,15,831,0.831
bullT,50,200,50,0.1,5,15,724,0.724
bullT,50,200,50,0.05,7,15,972,0.972
bullT,50,200,50,0.15,7,15,998,0.998
bullT,50,200,50,0.1,7,15,995,0.995
bullT,50,200,100,0.05,10,5,943,0.943
bullT,50,200,100,0.15,10,5,980,0.98
bullT,50,200,100,0.1,10,5,967,0.967
bullT,50,200,100,0.05,5,5,184,0.184
bullT,50,200,100,0.15,5,5,405,0.405
bullT,50,200,100,0.1,5,5,323,0.323
bullT,50,200,100,0.05,7,5,521,0.521
bullT,50,200,100,0.15,7,5,732,0.732
bullT,50,200,100,0.1,7,5,654,0.654
bullT,50,200,25,0.05,10,5,271,0.271
bullT,50,200,25,0.15,10,5,515,0.515
bullT,50,200,25,0.1,10,5,412,0.412
bullT,50,200,25,0.05,5,5,46,0.046
bullT,50,200,25,0.15,5,5,126,0.126
bullT,50,200,25,0.1,5,5,89,0.089
bullT,50,200,25,0.05,7,5,106,0.106
bullT,50,200,25,0.15,7,5,266,0.266
bullT,50,200,25,0.1,7,5,191,0.191
bullT,50,200,50,0.05,10,5,628,0.628
bullT,50,200,50,0.15,10,5,857,0.857
bullT,50,200,50,0.1,10,5,787,0.787
bullT,50,200,50,0.05,5,5,88,0.088
bullT,50,200,50,0.15,5,5,210,0.21
bullT,50,200,50,0.1,5,5,168,0.168
bullT,50,200,50,0.05,7,5,221,0.221
bullT,50,200,50,0.15,7,5,439,0.439
bullT,50,200,50,0.1,7,5,341,0.341
bullT,50,200,100,0.05,10,7,995,0.995
bullT,50,200,100,0.15,10,7,999,0.999
bullT,50,200,100,0.1,10,7,999,0.999
bullT,50,200,100,0.05,5,7,285,0.285
bullT,50,200,100,0.15,5,7,570,0.57
bullT,50,200,100,0.1,5,7,457,0.457
bullT,50,200,100,0.05,7,7,767,0.767
bullT,50,200,100,0.15,7,7,940,0.94
bullT,50,200,100,0.1,7,7,889,0.889
bullT,50,200,25,0.05,10,7,498,0.498
bullT,50,200,25,0.15,10,7,757,0.757
bullT,50,200,25,0.1,10,7,684,0.684
bullT,50,200,25,0.05,5,7,69,0.069
bullT,50,200,25,0.15,5,7,210,0.21
bullT,50,200,25,0.1,5,7,155,0.155
bullT,50,200,25,0.05,7,7,171,0.171
bullT,50,200,25,0.15,7,7,373,0.373
bullT,50,200,25,0.1,7,7,285,0.285
bullT,50,200,50,0.05,10,7,913,0.913
bullT,50,200,50,0.15,10,7,979,0.979
bullT,50,200,50,0.1,10,7,959,0.959
bullT,50,200,50,0.05,5,7,155,0.155
bullT,50,200,50,0.15,5,7,357,0.357
bullT,50,200,50,0.1,5,7,250,0.25
bullT,50,200,50,0.05,7,7,417,0.417
bullT,50,200,50,0.15,7,7,677,0.677
bullT,50,200,50,0.1,7,7,584,0.584
bullT,50,400,100,0.05,10,0,900,0.9
bullT,50,400,100,0.15,10,0,764,0.764
bullT,50,400,100,0.1,10,0,823,0.823
bullT,50,400,100,0.05,5,0,929,0.929
bullT,50,400,100,0.15,5,0,819,0.819
bullT,50,400,100,0.1,5,0,867,0.867
bullT,50,400,100,0.05,7,0,919,0.919
bullT,50,400,100,0.15,7,0,792,0.792
bullT,50,400,100,0.1,7,0,852,0.852
bullT,50,400,25,0.05,10,0,955,0.955
bullT,50,400,25,0.15,10,0,855,0.855
bullT,50,400,25,0.1,10,0,901,0.901
bullT,50,400,25,0.05,5,0,946,0.946
bullT,50,400,25,0.15,5,0,848,0.848
bullT,50,400,25,0.1,5,0,901,0.901
bullT,50,400,25,0.05,7,0,955,0.955
bullT,50,400,25,0.15,7,0,845,0.845
bullT,50,400,25,0.1,7,0,908,0.908
bullT,50,400,50,0.05,10,0,927,0.927
bullT,50,400,50,0.15,10,0,805,0.805
bullT,50,400,50,0.1,10,0,859,0.859
bullT,50,400,50,0.05,5,0,939,0.939
bullT,50,400,50,0.15,5,0,834,0.834
bullT,50,400,50,0.1,5,0,897,0.897
bullT,50,400,50,0.05,7,0,944,0.944
bullT,50,400,50,0.15,7,0,825,0.825
bullT,50,400,50,0.1,7,0,882,0.882
bullT,50,400,100,0.05,10,10,1000,1.0
bullT,50,400,100,0.15,10,10,1000,1.0
bullT,50,400,100,0.1,10,10,1000,1.0
bullT,50,400,100,0.05,5,10,691,0.691
bullT,50,400,100,0.15,5,10,907,0.907
bullT,50,400,100,0.1,5,10,854,0.854
bullT,50,400,100,0.05,7,10,991,0.991
bullT,50,400,100,0.15,7,10,999,0.999
bullT,50,400,100,0.1,7,10,997,0.997
bullT,50,400,25,0.05,10,10,927,0.927
bullT,50,400,25,0.15,10,10,988,0.988
bullT,50,400,25,0.1,10,10,981,0.981
bullT,50,400,25,0.05,5,10,124,0.124
bullT,50,400,25,0.15,5,10,335,0.335
bullT,50,400,25,0.1,5,10,245,0.245
bullT,50,400,25,0.05,7,10,401,0.401
bullT,50,400,25,0.15,7,10,680,0.68
bullT,50,400,25,0.1,7,10,575,0.575
bullT,50,400,50,0.05,10,10,999,0.999
bullT,50,400,50,0.15,10,10,1000,1.0
bullT,50,400,50,0.1,10,10,999,0.999
bullT,50,400,50,0.05,5,10,319,0.319
bullT,50,400,50,0.15,5,10,613,0.613
bullT,50,400,50,0.1,5,10,505,0.505
bullT,50,400,50,0.05,7,10,827,0.827
bullT,50,400,50,0.15,7,10,963,0.963
bullT,50,400,50,0.1,7,10,925,0.925
bullT,50,400,100,0.05,10,15,1000,1.0
bullT,50,400,100,0.15,10,15,1000,1.0
bullT,50,400,100,0.1,10,15,1000,1.0
bullT,50,400,100,0.05,5,15,931,0.931
bullT,50,400,100,0.15,5,15,996,0.996
bullT,50,400,100,0.1,5,15,989,0.989
bullT,50,400,100,0.05,7,15,1000,1.0
bullT,50,400,100,0.15,7,15,1000,1.0
bullT,50,400,100,0.1,7,15,1000,1.0
bullT,50,400,25,0.05,10,15,1000,1.0
bullT,50,400,25,0.15,10,15,1000,1.0
bullT,50,400,25,0.1,10,15,1000,1.0
bullT,50,400,25,0.05,5,15,268,0.268
bullT,50,400,25,0.15,5,15,568,0.568
bullT,50,400,25,0.1,5,15,435,0.435
bullT,50,400,25,0.05,7,15,784,0.784
bullT,50,400,25,0.15,7,15,954,0.954
bullT,50,400,25,0.1,7,15,908,0.908
bullT,50,400,50,0.05,10,15,1000,1.0
bullT,50,400,50,0.15,10,15,1000,1.0
bullT,50,400,50,0.1,10,15,1000,1.0
bullT,50,400,50,0.05,5,15,627,0.627
bullT,50,400,50,0.15,5,15,908,0.908
bullT,50,400,50,0.1,5,15,815,0.815
bullT,50,400,50,0.05,7,15,992,0.992
bullT,50,400,50,0.15,7,15,999,0.999
bullT,50,400,50,0.1,7,15,997,0.997
bullT,50,400,100,0.05,10,5,978,0.978
bullT,50,400,100,0.15,10,5,997,0.997
bullT,50,400,100,0.1,10,5,994,0.994
bullT,50,400,100,0.05,5,5,215,0.215
bullT,50,400,100,0.15,5,5,470,0.47
bullT,50,400,100,0.1,5,5,357,0.357
bullT,50,400,100,0.05,7,5,623,0.623
bullT,50,400,100,0.15,7,5,837,0.837
bullT,50,400,100,0.1,7,5,776,0.776
bullT,50,400,25,0.05,10,5,385,0.385
bullT,50,400,25,0.15,10,5,625,0.625
bullT,50,400,25,0.1,10,5,526,0.526
bullT,50,400,25,0.05,5,5,63,0.063
bullT,50,400,25,0.15,5,5,175,0.175
bullT,50,400,25,0.1,5,5,115,0.115
bullT,50,400,25,0.05,7,5,147,0.147
bullT,50,400,25,0.15,7,5,305,0.305
bullT,50,400,25,0.1,7,5,229,0.229
bullT,50,400,50,0.05,10,5,808,0.808
bullT,50,400,50,0.15,10,5,930,0.93
bullT,50,400,50,0.1,10,5,895,0.895
bullT,50,400,50,0.05,5,5,102,0.102
bullT,50,400,50,0.15,5,5,258,0.258
bullT,50,400,50,0.1,5,5,182,0.182
bullT,50,400,50,0.05,7,5,338,0.338
bullT,50,400,50,0.15,7,5,575,0.575
bullT,50,400,50,0.1,7,5,471,0.471
bullT,50,400,100,0.05,10,7,1000,1.0
bullT,50,400,100,0.15,10,7,1000,1.0
bullT,50,400,100,0.1,10,7,1000,1.0
bullT,50,400,100,0.05,5,7,416,0.416
bullT,50,400,100,0.15,5,7,697,0.697
bullT,50,400,100,0.1,5,7,578,0.578
bullT,50,400,100,0.05,7,7,892,0.892
bullT,50,400,100,0.15,7,7,977,0.977
bullT,50,400,100,0.1,7,7,952,0.952
bullT,50,400,25,0.05,10,7,643,0.643
bullT,50,400,25,0.15,10,7,866,0.866
bullT,50,400,25,0.1,10,7,794,0.794
bullT,50,400,25,0.05,5,7,89,0.089
bullT,50,400,25,0.15,5,7,214,0.214
bullT,50,400,25,0.1,5,7,155,0.155
bullT,50,400,25,0.05,7,7,210,0.21
bullT,50,400,25,0.15,7,7,444,0.444
bullT,50,400,25,0.1,7,7,341,0.341
bullT,50,400,50,0.05,10,7,969,0.969
bullT,50,400,50,0.15,10,7,997,0.997
bullT,50,400,50,0.1,10,7,994,0.994
bullT,50,400,50,0.05,5,7,181,0.181
bullT,50,400,50,0.15,5,7,389,0.389
bullT,50,400,50,0.1,5,7,295,0.295
bullT,50,400,50,0.05,7,7,531,0.531
bullT,50,400,50,0.15,7,7,809,0.809
bullT,50,400,50,0.1,7,7,718,0.718
